{"accuracy": [0.5814353823661804, 0.859221875667572, 0.9142186641693115, 0.9386727213859558, 0.9543779492378235, 0.9643644690513611, 0.9715058207511902, 0.9750480055809021, 0.9791450500488281, 0.9820613265037537], "loss": [1.4290525913238525, 0.4467775523662567, 0.26390981674194336, 0.185645192861557, 0.13631099462509155, 0.10587283223867416, 0.08929206430912018, 0.07718028873205185, 0.06278533488512039, 0.056492388248443604], "val_accuracy": [0.8383223414421082, 0.8763942718505859, 0.9322217106819153, 0.9461643695831299, 0.9482699632644653, 0.9611313343048096, 0.9653995037078857, 0.9571477174758911, 0.9661962389945984, 0.9654564261436462], "val_loss": [0.5149209499359131, 0.38362714648246765, 0.2045743316411972, 0.1700768619775772, 0.16936814785003662, 0.12175314873456955, 0.11269131302833557, 0.14014238119125366, 0.1079273521900177, 0.11217556148767471]}